-- MySQL dump 10.13  Distrib 8.0.20, for Win64 (x86_64)
--
-- Host: 127.0.0.1    Database: dbo
-- ------------------------------------------------------
-- Server version	8.0.20

/*!40101 SET @OLD_CHARACTER_SET_CLIENT = @@CHARACTER_SET_CLIENT */;
/*!40101 SET @OLD_CHARACTER_SET_RESULTS = @@CHARACTER_SET_RESULTS */;
/*!40101 SET @OLD_COLLATION_CONNECTION = @@COLLATION_CONNECTION */;
/*!50503 SET NAMES utf8mb4 */;
/*!40103 SET @OLD_TIME_ZONE = @@TIME_ZONE */;
/*!40103 SET TIME_ZONE = '+00:00' */;
/*!40014 SET @OLD_UNIQUE_CHECKS = @@UNIQUE_CHECKS, UNIQUE_CHECKS = 0 */;
/*!40014 SET @OLD_FOREIGN_KEY_CHECKS = @@FOREIGN_KEY_CHECKS, FOREIGN_KEY_CHECKS = 0 */;
/*!40101 SET @OLD_SQL_MODE = @@SQL_MODE, SQL_MODE = 'NO_AUTO_VALUE_ON_ZERO' */;
/*!40111 SET @OLD_SQL_NOTES = @@SQL_NOTES, SQL_NOTES = 0 */;

--
-- Table structure for table `administrator`
--

DROP TABLE IF EXISTS `administrator`;
/*!40101 SET @saved_cs_client = @@character_set_client */;
/*!50503 SET character_set_client = utf8mb4 */;
CREATE TABLE `administrator`
(
    `Name`     varchar(30) CHARACTER SET utf8mb4 COLLATE utf8mb4_0900_ai_ci NOT NULL,
    `Password` varchar(16) CHARACTER SET utf8mb4 COLLATE utf8mb4_0900_ai_ci NOT NULL,
    PRIMARY KEY (`Name`),
    UNIQUE KEY `Administrator_Name_uindex` (`Name`)
) ENGINE = InnoDB
  DEFAULT CHARSET = utf8mb4
  COLLATE = utf8mb4_0900_ai_ci;
/*!40101 SET character_set_client = @saved_cs_client */;

--
-- Dumping data for table `administrator`
--

LOCK TABLES `administrator` WRITE;
INSERT INTO `administrator`
VALUES ('admin', '123456'),
       ('hx', 'hx19990627'),
       ('root', '123456');
UNLOCK TABLES;

--
-- Table structure for table `car`
--

DROP TABLE IF EXISTS `car`;
/*!40101 SET @saved_cs_client = @@character_set_client */;
/*!50503 SET character_set_client = utf8mb4 */;
CREATE TABLE `car`
(
    `Brand` varchar(30) NOT NULL,
    `Model` varchar(30) NOT NULL,
    `Type`  varchar(30) DEFAULT NULL,
    `Price` bigint      DEFAULT '0',
    PRIMARY KEY (`Model`, `Brand`)
) ENGINE = InnoDB
  DEFAULT CHARSET = utf8mb4
  COLLATE = utf8mb4_0900_ai_ci;
/*!40101 SET character_set_client = @saved_cs_client */;

--
-- Dumping data for table `car`
--

LOCK TABLES `car` WRITE;
INSERT INTO `car`
VALUES ('ATS', 'A', '普通', 102400),
       ('Birdy K', 'A', '普通', 96000),
       ('superQ', 'A', '普通', 0),
       ('WeStar', 'A', '普通', 0),
       ('乐魂骑士', 'A', '普通', 0),
       ('单身情歌', 'A', '普通', 0),
       ('夜冥幽魂', 'A', '普通', 120000),
       ('幻影绅士', 'A', '普通', 78400),
       ('开拓者', 'A', '普通', 104000),
       ('时光威酷', 'A', '普通', 0),
       ('正义队长', 'A', '普通', 78400),
       ('沙漠灵狐', 'A', '普通', 78400),
       ('滴滴Taxi', 'A', '普通', 0),
       ('灵动行者', 'A', '普通', 78400),
       ('烽火战刀', 'A', '普通', 0),
       ('狂飙旋风', 'A', '普通', 0),
       ('疾风', 'A', '普通', 110400),
       ('白金威酷', 'A', '普通', 78400),
       ('空间穿梭', 'A', '普通', 0),
       ('纪念黄金BK', 'A', '普通', 0),
       ('蝰蛇', 'A', '普通', 0),
       ('迷彩阿波罗', 'A', '普通', 0),
       ('铁血阿瑞斯', 'A', '普通', 0),
       ('阿波罗', 'A', '普通', 110400),
       ('阿瑞斯', 'A', '普通', 126400),
       ('C3-XR', 'B', '普通', 7040),
       ('MINI', 'B', '普通', 4000),
       ('北极光\r\n', 'B', '普通', 0),
       ('威驰', 'B', '普通', 15040),
       ('新福克斯', 'B', '普通', 40000),
       ('新科鲁兹', 'B', '普通', 48888),
       ('独角兽', 'B', '普通', 78400),
       ('男爵', 'B', '普通', 64000),
       ('罗技G速', 'B', '普通', 30000),
       ('致炫', 'B', '普通', 0),
       ('英朗XT', 'B', '普通', 36000),
       ('赛利亚', 'B', '普通', 0),
       ('锐风', 'B', '普通', 32000),
       ('黄金威酷', 'B', '普通', 0),
       ('威酷', 'C', '普通', 0),
       ('歌斯特', 'C', '普通', 18000),
       ('萌萌', 'C', '普通', 10000),
       ('C3-XRf', 'RA', 'R系', 0),
       ('Jstar', 'RA', 'R系', 78400),
       ('Kmoon', 'RA', 'R系', 78400),
       ('Sunny', 'RA', 'R系', 102400),
       ('X-战车', 'RA', 'R系', 239040),
       ('三昧真火', 'RA', 'R系', 175040),
       ('丰田86', 'RA', 'R系', 0),
       ('亡灵猎手', 'RA', 'R系', 0),
       ('光电游侠', 'RA', 'R系', 311040),
       ('全新福克斯', 'RA', 'R系', 48888),
       ('冲刺流星', 'RA', 'R系', 0),
       ('凌云', 'RA', 'R系', 78400),
       ('凌锋', 'RA', 'R系', 0),
       ('凤翎', 'RA', 'R系', 0),
       ('加勒比', 'RA', 'R系', 0),
       ('化身', 'RA', 'R系', 0),
       ('南瓜小子', 'RA', 'R系', 0),
       ('双子座', 'RA', 'R系', 231040),
       ('双鱼座', 'RA', 'R系', 231040),
       ('哥谭骑士', 'RA', 'R系', 231040),
       ('嗜血爵士', 'RA', 'R系', 0),
       ('土豪', 'RA', 'R系', 0),
       ('地狱男爵', 'RA', 'R系', 216000),
       ('处女座', 'RA', 'R系', 231040),
       ('复苏之风', 'RA', 'R系', 159920),
       ('夏夜魅影', 'RA', 'R系', 0),
       ('天启', 'RA', 'R系', 135040),
       ('天秤座', 'RA', 'R系', 231040),
       ('天蝎座', 'RA', 'R系', 231040),
       ('天行者', 'RA', 'R系', 0),
       ('守望者', 'RA', 'R系', 0),
       ('寒夜', 'RA', 'R系', 0),
       ('寒星', 'RA', 'R系', 0),
       ('射手座', 'RA', 'R系', 231040),
       ('巨蟹座', 'RA', 'R系', 231040),
       ('幻影猎手', 'RA', 'R系', 0),
       ('幽魂之刃', 'RA', 'R系', 0),
       ('开路先锋', 'RA', 'R系', 159920),
       ('征服者', 'RA', 'R系', 110400),
       ('急先锋', 'RA', 'R系', 102400),
       ('拜月', 'RA', 'R系', 0),
       ('捍卫者', 'RA', 'R系', 78400),
       ('摩羯座', 'RA', 'R系', 231040),
       ('斗士', 'RA', 'R系', 96000),
       ('时空舞者', 'RA', 'R系', 294400),
       ('星梦', 'RA', 'R系', 126400),
       ('星爵', 'RA', 'R系', 0),
       ('星空行者', 'RA', 'R系', 255040),
       ('暗夜骑士', 'RA', 'R系', 0),
       ('暴走音速', 'RA', 'R系', 0),
       ('暴走马达', 'RA', 'R系', 345600),
       ('曙光', 'RA', 'R系', 78400),
       ('未来骑士', 'RA', 'R系', 0),
       ('末日', 'RA', 'R系', 345600),
       ('极客', 'RA', 'R系', 78400),
       ('极速轨迹', 'RA', 'R系', 288000),
       ('梦幻之星', 'RA', 'R系', 311040),
       ('氪星之子', 'RA', 'R系', 231040),
       ('水瓶座', 'RA', 'R系', 231040),
       ('沙暴之子', 'RA', 'R系', 231040),
       ('沙漠魄影', 'RA', 'R系', 159920),
       ('泡泡小子', 'RA', 'R系', 0),
       ('流云', 'RA', 'R系', 159920),
       ('流火战魂', 'RA', 'R系', 96000),
       ('涡轮', 'RA', 'R系', 78400),
       ('漂移之翼', 'RA', 'R系', 0),
       ('潜行幻影', 'RA', 'R系', 0),
       ('火力战神', 'RA', 'R系', 311040),
       ('火狐', 'RA', 'R系', 480000),
       ('火箭骑士', 'RA', 'R系', 78400),
       ('灵焰之风', 'RA', 'R系', 120000),
       ('烈枫', 'RA', 'R系', 0),
       ('烈焰风暴', 'RA', 'R系', 78400),
       ('烈焰骑士', 'RA', 'R系', 96000),
       ('烈风', 'RA', 'R系', 311040),
       ('烽火', 'RA', 'R系', 159920),
       ('焚天火', 'RA', 'R系', 0),
       ('焰火孤星', 'RA', 'R系', 231040),
       ('熔岩', 'RA', 'R系', 78400),
       ('熔岩骑士', 'RA', 'R系', 0),
       ('狂徒', 'RA', 'R系', 159920),
       ('狂暴飞驰', 'RA', 'R系', 0),
       ('狂蝎', 'RA', 'R系', 180000),
       ('狂飙勇士', 'RA', 'R系', 0),
       ('狮子座', 'RA', 'R系', 231040),
       ('玄武', 'RA', 'R系', 0),
       ('玉兔', 'RA', 'R系', 0),
       ('疾风影流', 'RA', 'R系', 0),
       ('疾驰幻象', 'RA', 'R系', 78400),
       ('白羊座', 'RA', 'R系', 231040),
       ('盗火者', 'RA', 'R系', 0),
       ('碧空行者', 'RA', 'R系', 120000),
       ('秋日', 'RA', 'R系', 78400),
       ('科尔维特', 'RA', 'R系', 0),
       ('紫色玫瑰', 'RA', 'R系', 0),
       ('终结先锋', 'RA', 'R系', 96000),
       ('胜利之星', 'RA', 'R系', 78400),
       ('苍炎', 'RA', 'R系', 96000),
       ('苍蓝飓风', 'RA', 'R系', 78400),
       ('苍龙光翼', 'RA', 'R系', 0),
       ('萤火', 'RA', 'R系', 0),
       ('蓝色旋风', 'RA', 'R系', 0),
       ('蓝色脉冲', 'RA', 'R系', 0),
       ('蓝血伯爵', 'RA', 'R系', 293280),
       ('虎魄', 'RA', 'R系', 343920),
       ('蜂巢', 'RA', 'R系', 0),
       ('赤炎刀锋', 'RA', 'R系', 0),
       ('赤霄', 'RA', 'R系', 159920),
       ('迷幻猎豹', 'RA', 'R系', 0),
       ('追击者', 'RA', 'R系', 0),
       ('追月', 'RA', 'R系', 0),
       ('追踪者', 'RA', 'R系', 0),
       ('逆影', 'RA', 'R系', 0),
       ('逐风', 'RA', 'R系', 78400),
       ('逐魂者', 'RA', 'R系', 293280),
       ('金牛座', 'RA', 'R系', 231040),
       ('铁血英豪', 'RA', 'R系', 0),
       ('闪灵', 'RA', 'R系', 97600),
       ('闪耀利箭', 'RA', 'R系', 78400),
       ('阳炎', 'RA', 'R系', 0),
       ('雪原行者', 'RA', 'R系', 0),
       ('雷电', 'RA', 'R系', 102400),
       ('雷鸣风暴', 'RA', 'R系', 293280),
       ('霹雳轨迹', 'RA', 'R系', 231040),
       ('领航者', 'RA', 'R系', 0),
       ('风之痕', 'RA', 'R系', 151040),
       ('风驰', 'RA', 'R系', 0),
       ('飞瀑', 'RA', 'R系', 151040),
       ('飞翼', 'RA', 'R系', 96000),
       ('骇客', 'RA', 'R系', 231040),
       ('魅影', 'RA', 'R系', 0),
       ('鸡', 'RA', 'R系', 0),
       ('黄爵', 'RA', 'R系', 0),
       ('龙魂', 'RA', 'R系', 103040),
       ('J计划', 'S', '普通', 375920),
       ('七月流火', 'S', '普通', 239040),
       ('业火', 'S', '普通', 0),
       ('先驱者', 'S', '普通', 0),
       ('冷炎', 'S', '普通', 0),
       ('北境', 'S', '普通', 0),
       ('单身贵族', 'S', '普通', 0),
       ('同心共舞', 'S', '普通', 0),
       ('地火', 'S', '普通', 135040),
       ('天使幻影', 'S', '普通', 0),
       ('天际', 'S', '普通', 231040),
       ('天韵', 'S', '普通', 0),
       ('幻影', 'S', '普通', 255040),
       ('幽灵亲王', 'S', '普通', 0),
       ('御风者', 'S', '普通', 0),
       ('心跳回忆', 'S', '普通', 0),
       ('恶魔之锋', 'S', '普通', 0),
       ('拓荒之狼', 'S', '普通', 0),
       ('春雷', 'S', '普通', 0),
       ('暗影疾行', 'S', '普通', 0),
       ('暴君', 'S', '普通', 0),
       ('最强S车', 'S', '普通', 0),
       ('月光', 'S', '普通', 0),
       ('朱雀', 'S', '普通', 0),
       ('极光', 'S', '普通', 0),
       ('极地光速', 'S', '普通', 0),
       ('梦游仙境', 'S', '普通', 0),
       ('浮光掠影', 'S', '普通', 0),
       ('浮光裂魂', 'S', '普通', 0),
       ('海洋之心', 'S', '普通', 0),
       ('清风', 'S', '普通', 0),
       ('炫光海浪', 'S', '普通', 0),
       ('烈火冰焰', 'S', '普通', 159920),
       ('烈焰战魂', 'S', '普通', 0),
       ('狂鲨', 'S', '普通', 0),
       ('监工', 'S', '普通', 0),
       ('破空之刃', 'S', '普通', 0),
       ('碧色幻想', 'S', '普通', 0),
       ('碧蓝怒火', 'S', '普通', 215040),
       ('秋之刃', 'S', '普通', 0),
       ('科迈罗', 'S', '普通', 0),
       ('紫焰洪流', 'S', '普通', 143920),
       ('紫罗兰', 'S', '普通', 0),
       ('紫色星空', 'S', '普通', 0),
       ('红色先锋', 'S', '普通', 231040),
       ('绝影', 'S', '普通', 0),
       ('绯炎使者', 'S', '普通', 0),
       ('脉冲新星', 'S', '普通', 0),
       ('蓝色彗星', 'S', '普通', 0),
       ('蔚蓝律动', 'S', '普通', 0),
       ('街头霸王', 'S', '普通', 0),
       ('质子游侠', 'S', '普通', 0),
       ('踏浪', 'S', '普通', 0),
       ('逐日者', 'S', '普通', 231040),
       ('逢考必过', 'S', '普通', 0),
       ('金色闪电', 'S', '普通', 319920),
       ('钢铁壁垒', 'S', '普通', 0),
       ('铁血战狼', 'S', '普通', 0),
       ('银翼', 'S', '普通', 0),
       ('银色弧光', 'S', '普通', 293280),
       ('陶洛斯', 'S', '普通', 0),
       ('雪域霸主', 'S', '普通', 0),
       ('雪狼', 'S', '普通', 240000),
       ('雷瑟', 'S', '普通', 0),
       ('雷神之怒', 'S', '普通', 439920),
       ('雷霆', 'S', '普通', 239040),
       ('飞虎', 'S', '普通', 0),
       ('魔灵', 'S', '普通', 0),
       ('黄蜂', 'S', '普通', 0),
       ('冰璃', 'SS', '普通', 1279920),
       ('斗神', 'SS', '普通', 951040),
       ('暗香', 'SS', '普通', 1279920),
       ('焚风', 'SS', '普通', 1279920),
       ('绝影上尉', 'SS', '普通', 768000),
       ('黄龙', 'SS', '普通', 1279920),
       ('命运刀锋', 'T', 'T系', 24000),
       ('堕天使', 'T', 'T系', 48000),
       ('寒冰魔兽', 'T', 'T系', 64000),
       ('怒火狮王', 'T', 'T系', 48000),
       ('擎空', 'T', 'T系', 16000),
       ('无限之刃', 'T', 'T系', 24000),
       ('星云战神', 'T', 'T系', 72000),
       ('炽焰神凰', 'T', 'T系', 64000),
       ('猎空', 'T', 'T系', 32000),
       ('突击尖兵', 'T', 'T系', 48000),
       ('虎风毒影', 'T', 'T系', 48000),
       ('黄道守护神', 'T', 'T系', 64000),
       ('齐天大圣', 'T', 'T系', 48000),
       ('双面旋风', '火力', '火力', 158400),
       ('天音鼓动', '火力', '火力', 158400),
       ('电光战神', '火力', '火力', 134400),
       ('离子冲锋', '火力', '火力', 158400),
       ('致命急速', '火力', '火力', 158400),
       ('铁爪屠夫', '火力', '火力', 182400);
UNLOCK TABLES;

--
-- Table structure for table `consumer`
--

DROP TABLE IF EXISTS `consumer`;
/*!40101 SET @saved_cs_client = @@character_set_client */;
/*!50503 SET character_set_client = utf8mb4 */;
CREATE TABLE `consumer`
(
    `CustomerID`    bigint      NOT NULL AUTO_INCREMENT,
    `Name`          varchar(30) NOT NULL,
    `ID`            char(18) DEFAULT NULL,
    `CustomerPhone` char(11) DEFAULT NULL,
    `Password`      varchar(16) NOT NULL,
    PRIMARY KEY (`CustomerID`),
    UNIQUE KEY `consumer_Name_uindex` (`Name`)
) ENGINE = InnoDB
  AUTO_INCREMENT = 9
  DEFAULT CHARSET = utf8mb4
  COLLATE = utf8mb4_0900_ai_ci;
/*!40101 SET character_set_client = @saved_cs_client */;

--
-- Dumping data for table `consumer`
--

LOCK TABLES `consumer` WRITE;
INSERT INTO `consumer`
VALUES (1, '铁钻1号', '113020', '130120', '113020'),
       (2, '天才博士', '213040', '130240', '213040'),
       (3, '女王', '313040', '130340', '313040'),
       (4, '夏日少女', '413040', '130440', '413040'),
       (5, '邪·雷诺', '513040', '130540', '513040'),
       (6, '闭月', '613040', '130640', '613040');
UNLOCK TABLES;

--
-- Table structure for table `order`
--

DROP TABLE IF EXISTS `order`;
/*!40101 SET @saved_cs_client = @@character_set_client */;
/*!50503 SET character_set_client = utf8mb4 */;
CREATE TABLE `order`
(
    `OrderID`     bigint      NOT NULL,
    `LDate`       datetime    NOT NULL,
    `EDate`       datetime       DEFAULT NULL,
    `CarID`       char(8)     NOT NULL,
    `Brand`       varchar(30) NOT NULL,
    `Model`       varchar(30) NOT NULL,
    `CustomerID`  bigint      NOT NULL,
    `Description` longtext,
    `WorkerID`    bigint         DEFAULT NULL,
    `Pay`         decimal(19, 2) DEFAULT '1000.00',
    PRIMARY KEY (`OrderID`),
    KEY `car_consumer_CustomerID_fk` (`CustomerID`),
    KEY `order_car_Model_Brand_fk` (`Model`, `Brand`),
    KEY `order_worker_WorkerID_fk` (`WorkerID`),
    CONSTRAINT `car_consumer_CustomerID_fk` FOREIGN KEY (`CustomerID`) REFERENCES `consumer` (`CustomerID`),
    CONSTRAINT `order_car_Model_Brand_fk` FOREIGN KEY (`Model`, `Brand`) REFERENCES `car` (`Model`, `Brand`),
    CONSTRAINT `order_worker_WorkerID_fk` FOREIGN KEY (`WorkerID`) REFERENCES `worker` (`WorkerID`)
) ENGINE = InnoDB
  DEFAULT CHARSET = utf8mb4
  COLLATE = utf8mb4_0900_ai_ci;
/*!40101 SET character_set_client = @saved_cs_client */;

--
-- Dumping data for table `order`
--

LOCK TABLES `order` WRITE;
INSERT INTO `order`
VALUES (201001010000000001, '2010-01-01 00:00:00', '2020-07-11 12:02:26', '15', '威酷', 'C', 1, NULL, 1, 400.00),
       (201012312359590001, '2010-12-31 23:59:59', '2011-01-01 00:00:00', '525', '暗夜骑士', 'RA', 2, NULL, 2, 2000.00),
       (201101010000000001, '2011-01-01 00:00:00', '2011-12-31 23:59:59', '1150', '擎空', 'T', 3, NULL, 3, 4000.00),
       (201112312359590001, '2011-12-31 23:59:59', '2012-01-01 00:00:00', '23100', '极速轨迹', 'RA', 4, NULL, 4, 8000.00),
       (201201010000000001, '2012-01-01 00:00:00', '2012-12-31 23:59:59', '36150', '光电游侠', 'RA', 5, NULL, 5, 12000.00),
       (201212312359590001, '2012-12-31 23:59:59', '2013-01-01 00:00:00', '65250', '金色闪电', 'S', 6, NULL, 6, 20000.00),
       (201301010000000001, '2013-01-01 00:00:00', '2013-12-31 23:59:59', '10800', '七月流火', 'S', 1, NULL, 7, 800.00),
       (201312312359590001, '2013-12-31 23:59:59', '2014-01-01 00:00:00', '50450', 'X-战车', 'RA', 2, NULL, 8, 4500.00),
       (201401010000000001, '2014-01-01 00:00:00', '2014-12-31 23:59:59', '10010', '银色弧光', 'S', 3, NULL, 9, 10000.00),
       (201412312359590001, '2014-12-31 23:59:59', '2015-01-01 00:00:00', '50060', '火狐', 'RA', 4, NULL, 10, 60000.00),
       (201501010000000001, '2015-01-01 00:00:00', '2015-12-31 23:59:59', '10001', '斗神', 'SS', 5, NULL, 11, 130000.00),
       (201512312359590001, '2015-12-31 23:59:59', '2016-01-01 00:00:00', '20003', '冰璃', 'SS', 6, NULL, 12, 300000.00),
       (201612312359590001, '2016-12-31 23:59:59', '2017-01-01 00:00:00', '30063', '暴走马达', 'RA', 2, NULL, 14, 24000.00),
       (201701010000000001, '2017-01-01 00:00:00', '2017-12-31 23:59:59', '11050', '雷神之怒', 'S', 3, NULL, 15, 40000.00);
UNLOCK TABLES;

--
-- Table structure for table `worker`
--

DROP TABLE IF EXISTS `worker`;
/*!40101 SET @saved_cs_client = @@character_set_client */;
/*!50503 SET character_set_client = utf8mb4 */;
CREATE TABLE `worker`
(
    `WorkerID`   bigint      NOT NULL AUTO_INCREMENT,
    `Name`       varchar(30) NOT NULL,
    `WorkIDCard` char(18)    NOT NULL,
    `WorkPhone`  char(11)             DEFAULT NULL,
    `WorkAge`    tinyint unsigned     DEFAULT NULL,
    `Experience` bigint      NOT NULL DEFAULT '0',
    `Statement`  enum ('维修中','空闲中')   DEFAULT '空闲中',
    `Password`   varchar(16) NOT NULL,
    PRIMARY KEY (`WorkerID`),
    UNIQUE KEY `Worker_WorkIDCard_uindex` (`WorkIDCard`)
) ENGINE = InnoDB
  AUTO_INCREMENT = 1000010010
  DEFAULT CHARSET = utf8mb4
  COLLATE = utf8mb4_0900_ai_ci;
/*!40101 SET character_set_client = @saved_cs_client */;

--
-- Dumping data for table `worker`
--

LOCK TABLES `worker` WRITE;
INSERT INTO `worker`
VALUES (1, '白勇太', '1450', '1450', 0, 45, '空闲中', '1450'),
       (2, '凯奇', '260800', '260800', 6, 800, '空闲中', '260800'),
       (3, 'Birdy K', '3752000', '3752000', 7, 2000, '空闲中', '3752000'),
       (4, '小橘子', '4100488888', '1004488888', 10, 6111, '空闲中', '4100488888'),
       (5, '暗影橘子', '51201500', '12051500', 12, 1500, '空闲中', '51201500'),
       (6, '千月', '61201500', '12061500', 12, 1500, '空闲中', '61201500'),
       (7, '李斯特', '71202500', '12072500', 12, 2500, '空闲中', '71202500'),
       (8, '凯瑟琳', '81251500', '12581500', 12, 1500, '空闲中', '81251500'),
       (9, '甜美美', '91256666', '12596666', 12, 6666, '空闲中', '91256666'),
       (10, '黄金橘子', '101305888', '130105888', 13, 5888, '空闲中', '101305888'),
       (11, '亚瑟', '111251999', '125111999', 12, 1999, '空闲中', '111251999'),
       (12, '艾米丽', '121255888', '125125888', 12, 5888, '空闲中', '121255888'),
       (13, '忆星', '131206666', '130136666', 13, 6666, '空闲中', '131306666'),
       (14, '特工Jay', '141303199', '130143199', 13, 3199, '空闲中', '141303199'),
       (15, '小S', '151306888', '130156888', 13, 6888, '空闲中', '151306888'),
       (16, '保罗', '161302199', '130162199', 13, 2199, '空闲中', '161302199'),
       (17, '冰雪安娜', '171307999', '130177999', 13, 7999, '空闲中', '171307999'),
       (18, '小蜜桃', '181301599', '130187599', 13, 7599, '空闲中', '181307599'),
       (19, '白金橘子', '19130269920', '13019269920', 13, 2699, '空闲中', '19130269920'),
       (20, '小禧', '20130259920', '13020259920', 13, 2599, '空闲中', '20130259920'),
       (21, '雷诺', '21130499940', '13021499940', 13, 4999, '空闲中', '21130499940'),
       (22, '艾薇', '22130666640', '13022666640', 13, 6666, '空闲中', '22130666640'),
       (23, '疾风白勇太', '23130279920', '13023279920', 13, 2799, '空闲中', '23130279920'),
       (24, '洛玉', '24130769940', '13024769940', 13, 7699, '空闲中', '24130769940'),
       (25, '时空橘子', '25130279920', '13025279920', 13, 2799, '空闲中', '25130279920'),
       (26, '凛冬保罗', '26130259920', '13026259920', 13, 2599, '空闲中', '26130259920');
UNLOCK TABLES;
/*!40103 SET TIME_ZONE = @OLD_TIME_ZONE */;

/*!40101 SET SQL_MODE = @OLD_SQL_MODE */;
/*!40014 SET FOREIGN_KEY_CHECKS = @OLD_FOREIGN_KEY_CHECKS */;
/*!40014 SET UNIQUE_CHECKS = @OLD_UNIQUE_CHECKS */;
/*!40101 SET CHARACTER_SET_CLIENT = @OLD_CHARACTER_SET_CLIENT */;
/*!40101 SET CHARACTER_SET_RESULTS = @OLD_CHARACTER_SET_RESULTS */;
/*!40101 SET COLLATION_CONNECTION = @OLD_COLLATION_CONNECTION */;
/*!40111 SET SQL_NOTES = @OLD_SQL_NOTES */;

-- Dump completed on 2020-07-12 18:17:29
